{"Pre-Training Split": {"_type": "image-file", "sha256": "f94cb3bbc9439db786b99478587c94e061b4c08ffa35200ac8baa91957ace2f2", "size": 92763, "path": "media/images/Pre-Training Split_0_f94cb3bbc9439db786b9.png", "format": "png", "width": 2000, "height": 500}, "_timestamp": 1662565225.7852037, "_runtime": 155.12026858329773, "_step": 100, "Test loss": 1.4062175750732422, "_wandb": {"runtime": 154}}